{
  "success": true,
  "email": {
    "id": "email-1",
    "subject": "Weekly Team Update",
    "sender": "manager@company.com",
    "received_at": "2024-01-15T10:30:00Z",
    "ai_summary": "Weekly team meeting summary with project updates and deadlines",
    "email_body": "<html><body><h1>Weekly Update</h1><p>Here are this week's updates...</p></body></html>",
    "is_read": true,
    "category": {
      "id": "cat-1",
      "name": "Work",
      "color": "#3B82F6"
    },
    "account": {
      "email": "user@example.com",
      "name": "John Doe"
    }
  }
}
